<xml xmlns:o="urn:schemas-microsoft-com:office:office">
 <o:MainFile HRef="math_20101025.files.htm"/>
 <o:File HRef="image001.wmz"/>
 <o:File HRef="image002.gif"/>
 <o:File HRef="oledata.mso"/>
 <o:File HRef="image003.wmz"/>
 <o:File HRef="image004.gif"/>
 <o:File HRef="image005.wmz"/>
 <o:File HRef="image006.gif"/>
 <o:File HRef="image007.wmz"/>
 <o:File HRef="image008.gif"/>
 <o:File HRef="image009.wmz"/>
 <o:File HRef="image010.gif"/>
 <o:File HRef="image011.wmz"/>
 <o:File HRef="image012.gif"/>
 <o:File HRef="image013.wmz"/>
 <o:File HRef="image014.gif"/>
 <o:File HRef="image015.wmz"/>
 <o:File HRef="image016.gif"/>
 <o:File HRef="image017.wmz"/>
 <o:File HRef="image018.gif"/>
 <o:File HRef="image019.wmz"/>
 <o:File HRef="image020.gif"/>
 <o:File HRef="image021.wmz"/>
 <o:File HRef="image022.gif"/>
 <o:File HRef="image023.wmz"/>
 <o:File HRef="image024.gif"/>
 <o:File HRef="image025.wmz"/>
 <o:File HRef="image026.gif"/>
 <o:File HRef="image027.wmz"/>
 <o:File HRef="image028.gif"/>
 <o:File HRef="image029.wmz"/>
 <o:File HRef="image030.gif"/>
 <o:File HRef="image031.wmz"/>
 <o:File HRef="image032.gif"/>
 <o:File HRef="image033.wmz"/>
 <o:File HRef="image034.gif"/>
 <o:File HRef="image035.wmz"/>
 <o:File HRef="image036.gif"/>
 <o:File HRef="image037.wmz"/>
 <o:File HRef="image038.gif"/>
 <o:File HRef="image039.wmz"/>
 <o:File HRef="image040.gif"/>
 <o:File HRef="image041.gif"/>
 <o:File HRef="image042.gif"/>
 <o:File HRef="image043.gif"/>
 <o:File HRef="image044.gif"/>
 <o:File HRef="image045.gif"/>
 <o:File HRef="image046.gif"/>
 <o:File HRef="image047.wmz"/>
 <o:File HRef="image048.gif"/>
 <o:File HRef="image049.wmz"/>
 <o:File HRef="image050.gif"/>
 <o:File HRef="image051.wmz"/>
 <o:File HRef="image052.gif"/>
 <o:File HRef="image053.wmz"/>
 <o:File HRef="image054.gif"/>
 <o:File HRef="image055.wmz"/>
 <o:File HRef="image056.gif"/>
 <o:File HRef="image057.wmz"/>
 <o:File HRef="image058.gif"/>
 <o:File HRef="image059.wmz"/>
 <o:File HRef="image060.gif"/>
 <o:File HRef="image061.wmz"/>
 <o:File HRef="image062.gif"/>
 <o:File HRef="image063.wmz"/>
 <o:File HRef="image064.wmz"/>
 <o:File HRef="image065.gif"/>
 <o:File HRef="image066.wmz"/>
 <o:File HRef="image067.gif"/>
 <o:File HRef="image068.wmz"/>
 <o:File HRef="image069.gif"/>
 <o:File HRef="image070.wmz"/>
 <o:File HRef="image071.wmz"/>
 <o:File HRef="image072.gif"/>
 <o:File HRef="image073.wmz"/>
 <o:File HRef="image074.gif"/>
 <o:File HRef="image075.wmz"/>
 <o:File HRef="image076.gif"/>
 <o:File HRef="image077.wmz"/>
 <o:File HRef="image078.gif"/>
 <o:File HRef="image079.wmz"/>
 <o:File HRef="image080.wmz"/>
 <o:File HRef="image081.gif"/>
 <o:File HRef="image082.wmz"/>
 <o:File HRef="image083.gif"/>
 <o:File HRef="image084.wmz"/>
 <o:File HRef="image085.gif"/>
 <o:File HRef="image086.wmz"/>
 <o:File HRef="image087.gif"/>
 <o:File HRef="image088.wmz"/>
 <o:File HRef="image089.gif"/>
 <o:File HRef="image090.wmz"/>
 <o:File HRef="image091.gif"/>
 <o:File HRef="image092.wmz"/>
 <o:File HRef="image093.gif"/>
 <o:File HRef="image094.wmz"/>
 <o:File HRef="image095.gif"/>
 <o:File HRef="image096.wmz"/>
 <o:File HRef="image097.gif"/>
 <o:File HRef="image098.wmz"/>
 <o:File HRef="image099.gif"/>
 <o:File HRef="image100.wmz"/>
 <o:File HRef="image101.gif"/>
 <o:File HRef="image102.wmz"/>
 <o:File HRef="image103.gif"/>
 <o:File HRef="image104.wmz"/>
 <o:File HRef="image105.gif"/>
 <o:File HRef="image106.wmz"/>
 <o:File HRef="image107.wmz"/>
 <o:File HRef="image108.wmz"/>
 <o:File HRef="image109.gif"/>
 <o:File HRef="image110.wmz"/>
 <o:File HRef="image111.gif"/>
 <o:File HRef="image112.wmz"/>
 <o:File HRef="image113.wmz"/>
 <o:File HRef="image114.wmz"/>
 <o:File HRef="image115.wmz"/>
 <o:File HRef="image116.gif"/>
 <o:File HRef="image117.wmz"/>
 <o:File HRef="image118.gif"/>
 <o:File HRef="image119.wmz"/>
 <o:File HRef="image120.gif"/>
 <o:File HRef="image121.wmz"/>
 <o:File HRef="image122.gif"/>
 <o:File HRef="image123.wmz"/>
 <o:File HRef="image124.gif"/>
 <o:File HRef="image125.wmz"/>
 <o:File HRef="image126.gif"/>
 <o:File HRef="image127.wmz"/>
 <o:File HRef="image128.gif"/>
 <o:File HRef="image129.wmz"/>
 <o:File HRef="image130.gif"/>
 <o:File HRef="image131.wmz"/>
 <o:File HRef="image132.gif"/>
 <o:File HRef="image133.wmz"/>
 <o:File HRef="image134.gif"/>
 <o:File HRef="image135.wmz"/>
 <o:File HRef="image136.wmz"/>
 <o:File HRef="image137.wmz"/>
 <o:File HRef="image138.gif"/>
 <o:File HRef="image139.wmz"/>
 <o:File HRef="image140.gif"/>
 <o:File HRef="image141.wmz"/>
 <o:File HRef="image142.gif"/>
 <o:File HRef="image143.wmz"/>
 <o:File HRef="image144.gif"/>
 <o:File HRef="image145.wmz"/>
 <o:File HRef="image146.gif"/>
 <o:File HRef="image147.wmz"/>
 <o:File HRef="image148.gif"/>
 <o:File HRef="image149.wmz"/>
 <o:File HRef="image150.gif"/>
 <o:File HRef="image151.wmz"/>
 <o:File HRef="image152.gif"/>
 <o:File HRef="image153.wmz"/>
 <o:File HRef="image154.gif"/>
 <o:File HRef="image155.wmz"/>
 <o:File HRef="image156.gif"/>
 <o:File HRef="image157.wmz"/>
 <o:File HRef="image158.gif"/>
 <o:File HRef="image159.wmz"/>
 <o:File HRef="image160.gif"/>
 <o:File HRef="image161.wmz"/>
 <o:File HRef="image162.gif"/>
 <o:File HRef="image163.wmz"/>
 <o:File HRef="image164.gif"/>
 <o:File HRef="image165.wmz"/>
 <o:File HRef="image166.gif"/>
 <o:File HRef="image167.wmz"/>
 <o:File HRef="image168.gif"/>
 <o:File HRef="image169.wmz"/>
 <o:File HRef="image170.gif"/>
 <o:File HRef="image171.wmz"/>
 <o:File HRef="image172.gif"/>
 <o:File HRef="image173.wmz"/>
 <o:File HRef="image174.gif"/>
 <o:File HRef="image175.wmz"/>
 <o:File HRef="image176.wmz"/>
 <o:File HRef="image177.gif"/>
 <o:File HRef="image178.wmz"/>
 <o:File HRef="image179.gif"/>
 <o:File HRef="image180.wmz"/>
 <o:File HRef="image181.gif"/>
 <o:File HRef="image182.wmz"/>
 <o:File HRef="image183.wmz"/>
 <o:File HRef="image184.gif"/>
 <o:File HRef="image185.wmz"/>
 <o:File HRef="image186.gif"/>
 <o:File HRef="image187.wmz"/>
 <o:File HRef="image188.gif"/>
 <o:File HRef="image189.wmz"/>
 <o:File HRef="image190.wmz"/>
 <o:File HRef="image191.wmz"/>
 <o:File HRef="image192.gif"/>
 <o:File HRef="image193.wmz"/>
 <o:File HRef="image194.gif"/>
 <o:File HRef="image195.wmz"/>
 <o:File HRef="image196.wmz"/>
 <o:File HRef="image197.gif"/>
 <o:File HRef="image198.wmz"/>
 <o:File HRef="image199.wmz"/>
 <o:File HRef="image200.gif"/>
 <o:File HRef="image201.wmz"/>
 <o:File HRef="image202.gif"/>
 <o:File HRef="image203.wmz"/>
 <o:File HRef="image204.wmz"/>
 <o:File HRef="image205.wmz"/>
 <o:File HRef="image206.gif"/>
 <o:File HRef="image207.wmz"/>
 <o:File HRef="image208.gif"/>
 <o:File HRef="image209.wmz"/>
 <o:File HRef="image210.gif"/>
 <o:File HRef="image211.wmz"/>
 <o:File HRef="image212.gif"/>
 <o:File HRef="image213.wmz"/>
 <o:File HRef="image214.gif"/>
 <o:File HRef="image215.wmz"/>
 <o:File HRef="image216.gif"/>
 <o:File HRef="image217.wmz"/>
 <o:File HRef="image218.wmz"/>
 <o:File HRef="image219.gif"/>
 <o:File HRef="image220.wmz"/>
 <o:File HRef="image221.wmz"/>
 <o:File HRef="image222.gif"/>
 <o:File HRef="image223.wmz"/>
 <o:File HRef="image224.gif"/>
 <o:File HRef="image225.wmz"/>
 <o:File HRef="image226.gif"/>
 <o:File HRef="image227.wmz"/>
 <o:File HRef="image228.gif"/>
 <o:File HRef="image229.wmz"/>
 <o:File HRef="image230.gif"/>
 <o:File HRef="image231.wmz"/>
 <o:File HRef="image232.wmz"/>
 <o:File HRef="image233.wmz"/>
 <o:File HRef="image234.wmz"/>
 <o:File HRef="image235.wmz"/>
 <o:File HRef="image236.wmz"/>
 <o:File HRef="image237.gif"/>
 <o:File HRef="image238.wmz"/>
 <o:File HRef="image239.gif"/>
 <o:File HRef="image240.wmz"/>
 <o:File HRef="image241.gif"/>
 <o:File HRef="image242.wmz"/>
 <o:File HRef="image243.gif"/>
 <o:File HRef="image244.wmz"/>
 <o:File HRef="image245.gif"/>
 <o:File HRef="image246.wmz"/>
 <o:File HRef="image247.wmz"/>
 <o:File HRef="image248.gif"/>
 <o:File HRef="image249.wmz"/>
 <o:File HRef="image250.gif"/>
 <o:File HRef="image251.wmz"/>
 <o:File HRef="image252.gif"/>
 <o:File HRef="image253.wmz"/>
 <o:File HRef="image254.gif"/>
 <o:File HRef="image255.gif"/>
 <o:File HRef="image256.gif"/>
 <o:File HRef="image257.wmz"/>
 <o:File HRef="image258.gif"/>
 <o:File HRef="image259.wmz"/>
 <o:File HRef="image260.wmz"/>
 <o:File HRef="image261.gif"/>
 <o:File HRef="image262.wmz"/>
 <o:File HRef="image263.gif"/>
 <o:File HRef="image264.wmz"/>
 <o:File HRef="image265.wmz"/>
 <o:File HRef="image266.gif"/>
 <o:File HRef="image267.wmz"/>
 <o:File HRef="image268.gif"/>
 <o:File HRef="image269.wmz"/>
 <o:File HRef="image270.gif"/>
 <o:File HRef="image271.wmz"/>
 <o:File HRef="image272.gif"/>
 <o:File HRef="image273.wmz"/>
 <o:File HRef="image274.gif"/>
 <o:File HRef="image275.wmz"/>
 <o:File HRef="image276.gif"/>
 <o:File HRef="image277.wmz"/>
 <o:File HRef="image278.wmz"/>
 <o:File HRef="image279.wmz"/>
 <o:File HRef="image280.wmz"/>
 <o:File HRef="image281.gif"/>
 <o:File HRef="image282.wmz"/>
 <o:File HRef="image283.gif"/>
 <o:File HRef="image284.wmz"/>
 <o:File HRef="image285.wmz"/>
 <o:File HRef="image286.gif"/>
 <o:File HRef="image287.wmz"/>
 <o:File HRef="image288.gif"/>
 <o:File HRef="image289.wmz"/>
 <o:File HRef="image290.gif"/>
 <o:File HRef="image291.wmz"/>
 <o:File HRef="image292.wmz"/>
 <o:File HRef="image293.gif"/>
 <o:File HRef="image294.gif"/>
 <o:File HRef="image295.wmz"/>
 <o:File HRef="image296.wmz"/>
 <o:File HRef="image297.wmz"/>
 <o:File HRef="image298.gif"/>
 <o:File HRef="image299.wmz"/>
 <o:File HRef="image300.wmz"/>
 <o:File HRef="image301.gif"/>
 <o:File HRef="image302.wmz"/>
 <o:File HRef="image303.gif"/>
 <o:File HRef="image304.wmz"/>
 <o:File HRef="image305.gif"/>
 <o:File HRef="image306.wmz"/>
 <o:File HRef="image307.gif"/>
 <o:File HRef="image308.wmz"/>
 <o:File HRef="image309.wmz"/>
 <o:File HRef="image310.wmz"/>
 <o:File HRef="image311.wmz"/>
 <o:File HRef="header.htm"/>
 <o:File HRef="filelist.xml"/>
</xml>